{"cameraMode":{"drawMode":0,"name":"Shaded","section":"Shading Mode"},"sceneLighting":true,"audioPlay":false,"sceneViewState":{"m_AlwaysRefresh":false,"showFog":true,"showSkybox":true,"showFlares":true,"showImageEffects":true,"showParticleSystems":true,"showVisualEffectGraphs":true,"m_FxEnabled":true},"in2DMode":false,"pivot":{"x":0.6811103820800781,"y":-0.0749359130859375,"z":-0.5759515762329102},"rotation":{"x":-0.07927680015563965,"y":0.9146380424499512,"z":-0.21976907551288606,"w":-0.32993531227111819},"size":4.321743488311768,"orthographic":false}